{
  "Jonathan": {
    "score": 2429.1229999999996
  },
  "d": {
    "score": 262.54200000000003
  },
  "Ansen": {
    "score": 92
  },
  "Hiroto": {
    "score": 68
  },
  "ac": {
    "score": 61.17
  },
  "Hyunjae": {
    "score": 61
  },
  "eee": {
    "score": 52.876
  },
  "b": {
    "score": 47.921
  },
  "c": {
    "score": 47.715
  },
  "a": {
    "score": 21.243000000000002
  },
  "": {
    "score": 20
  },
  "f": {
    "score": 13
  },
  "bb": {
    "score": 12.829
  }
}